case,h_factor,hm_factor,terminal_air_temperature_c,terminal_air_moisture_kg_per_kg,q3_drying_time_h,q4_drying_time_h,q3_change_percent,q4_change_percent
baseline,1.00000000,1.00000000,50.16500000,0.04986000,57.56443547,50.85579300,0.00000000,0.00000000
h_minus_20pct,0.80000000,1.00000000,50.16500000,0.04986000,57.58423806,50.87404456,0.03440074,0.03588887
h_plus_20pct,1.20000000,1.00000000,50.16500000,0.04986000,57.55134114,50.84383679,-0.02274726,-0.02351003
hm_minus_20pct,1.00000000,0.80000000,50.16500000,0.04986000,59.09950880,51.53377946,2.66670439,1.33315483
hm_plus_20pct,1.00000000,1.20000000,50.16500000,0.04986000,56.73301445,50.47187189,-1.44433106,-0.75492109
terminal_temperature_minus_2c,1.00000000,1.00000000,48.16500000,0.04986000,61.46756971,54.18638304,6.78046124,6.54908682
terminal_temperature_plus_2c,1.00000000,1.00000000,52.16500000,0.04986000,54.01023682,47.80681351,-6.17429603,-5.99534351
terminal_moisture_minus_20pct,1.00000000,1.00000000,50.16500000,0.03988800,167.24366200,50.82716172,190.53296645,-0.05629895
terminal_moisture_plus_20pct,1.00000000,1.00000000,50.16500000,0.05983200,57.46879450,51.12161562,-0.16614594,0.52269882
